file,label
0001.jpg,0
0002.jpg,0
0003.jpg,0
0004.jpg,0
0005.jpg,0
0006.jpg,0
0007.jpg,0
0008.jpg,0
0009.jpg,0
0010.jpg,0
0011.jpg,0
0012.jpg,0
0013.jpg,0
0014.jpg,0
0015.jpg,0
0016.jpg,0
0017.jpg,0
0018.jpg,0
0019.jpg,0
0020.jpg,0
0021.jpg,0
0022.jpg,0
0023.jpg,0
0024.jpg,0
0025.jpg,0
0026.jpg,0
0027.jpg,0
0028.jpg,0
0029.jpg,0
0030.jpg,0
0031.jpg,0
0032.jpg,0
0033.jpg,0
0034.jpg,0
0035.jpg,0
0036.jpg,0
0037.jpg,0
0038.jpg,0
0039.jpg,0
0040.jpg,0
0041.jpg,0
0042.jpg,0
0043.jpg,0
0044.jpg,0
0045.jpg,0
0046.jpg,0
0047.jpg,0
0048.jpg,0
0049.jpg,0
0050.jpg,0
0051.jpg,0
0052.jpg,0
0053.jpg,0
0054.jpg,0
0055.jpg,0
0056.jpg,0
0057.jpg,0
0058.jpg,0
0059.jpg,0
0060.jpg,0
0061.jpg,0
0062.jpg,0
0063.jpg,0
0064.jpg,0
0065.jpg,0
0066.jpg,0
0067.jpg,0
0068.jpg,0
0069.jpg,0
0070.jpg,0
0071.jpg,0
0072.jpg,0
0073.jpg,0
0074.jpg,0
0075.jpg,0
0076.jpg,0
0077.jpg,0
0078.jpg,0
0079.jpg,0
0080.jpg,0
0081.jpg,0
0082.jpg,0
0083.jpg,0
0084.jpg,0
0085.jpg,0
0086.jpg,0
0087.jpg,0
0088.jpg,0
0089.jpg,0
0090.jpg,0
0091.jpg,0
0092.jpg,0
0093.jpg,0
0094.jpg,0
0095.jpg,0
0096.jpg,0
0097.jpg,0
0098.jpg,0
0099.jpg,0
0100.jpg,1
0101.jpg,1
0102.jpg,1
0103.jpg,1
0104.jpg,1
0105.jpg,1
0106.jpg,1
0107.jpg,1
0108.jpg,1
0109.jpg,1
0110.jpg,1
0111.jpg,1
0112.jpg,1
0113.jpg,1
0114.jpg,1
0115.jpg,1
0116.jpg,1
0117.jpg,1
0118.jpg,1
0119.jpg,1
0120.jpg,1
0121.jpg,1
0122.jpg,1
0123.jpg,1
0124.jpg,1
0125.jpg,1
0126.jpg,1
0127.jpg,1
0128.jpg,1
0129.jpg,1
0130.jpg,1
0131.jpg,1
0132.jpg,1
0133.jpg,1
0134.jpg,1
0135.jpg,1
0136.jpg,1
0137.jpg,1
0138.jpg,1
0139.jpg,1
0140.jpg,1
0141.jpg,1
0142.jpg,1
0143.jpg,1
0144.jpg,1
0145.jpg,1
0146.jpg,1
0147.jpg,1
0148.jpg,1
0149.jpg,1
0150.jpg,1
0151.jpg,1
0152.jpg,1
0153.jpg,1
0154.jpg,1
0155.jpg,1
0156.jpg,1
0157.jpg,1
0158.jpg,1
0159.jpg,1
0160.jpg,1
0161.jpg,1
0162.jpg,1
0163.jpg,1
0164.jpg,1
0165.jpg,1
0166.jpg,1
0167.jpg,1
0168.jpg,1
0169.jpg,1
0170.jpg,1
0171.jpg,1
0172.jpg,1
0173.jpg,1
0174.jpg,1
0175.jpg,1
0176.jpg,1
0177.jpg,1
0178.jpg,1
0179.jpg,1
0180.jpg,1
0181.jpg,1
0182.jpg,1
0183.jpg,1
0184.jpg,1
0185.jpg,1
0186.jpg,1
0187.jpg,1
0188.jpg,1
0189.jpg,1
0190.jpg,1
0191.jpg,1
0192.jpg,1
0193.jpg,1
0194.jpg,1
0195.jpg,1
0196.jpg,1
0197.jpg,1
0198.jpg,1
0199.jpg,2
0200.jpg,2
0201.jpg,2
0202.jpg,2
0203.jpg,2
0204.jpg,2
0205.jpg,2
0206.jpg,2
0207.jpg,2
0208.jpg,2
0209.jpg,2
0210.jpg,2
0211.jpg,2
0212.jpg,2
0213.jpg,2
0214.jpg,2
0215.jpg,2
0216.jpg,2
0217.jpg,2
0218.jpg,2
0219.jpg,2
0220.jpg,2
0221.jpg,2
0222.jpg,2
0223.jpg,2
0224.jpg,2
0225.jpg,2
0226.jpg,2
0227.jpg,2
0228.jpg,2
0229.jpg,2
0230.jpg,2
0231.jpg,2
0232.jpg,2
0233.jpg,2
0234.jpg,2
0235.jpg,2
0236.jpg,2
0237.jpg,2
0238.jpg,2
0239.jpg,2
0240.jpg,2
0241.jpg,2
0242.jpg,2
0243.jpg,2
0244.jpg,2
0245.jpg,2
0246.jpg,2
0247.jpg,2
0248.jpg,2
0249.jpg,2
0250.jpg,2
0251.jpg,2
0252.jpg,2
0253.jpg,2
0254.jpg,2
0255.jpg,2
0256.jpg,2
0257.jpg,2
0258.jpg,2
0259.jpg,2
0260.jpg,2
0261.jpg,2
0262.jpg,2
0263.jpg,2
0264.jpg,2
0265.jpg,2
0266.jpg,2
0267.jpg,2
0268.jpg,2
0269.jpg,2
0270.jpg,2
0271.jpg,2
0272.jpg,2
0273.jpg,2
0274.jpg,2
0275.jpg,2
0276.jpg,2
0277.jpg,2
0278.jpg,2
0279.jpg,2
0280.jpg,2
0281.jpg,2
0282.jpg,2
0283.jpg,2
0284.jpg,2
0285.jpg,2
0286.jpg,2
0287.jpg,2
0288.jpg,2
0289.jpg,2
0290.jpg,2
0291.jpg,2
0292.jpg,2
0293.jpg,2
0294.jpg,2
0295.jpg,2
0296.jpg,2
0297.jpg,2
0298.jpg,3
0299.jpg,3
0300.jpg,3
0301.jpg,3
0302.jpg,3
0303.jpg,3
0304.jpg,3
0305.jpg,3
0306.jpg,3
0307.jpg,3
0308.jpg,3
0309.jpg,3
0310.jpg,3
0311.jpg,3
0312.jpg,3
0313.jpg,3
0314.jpg,3
0315.jpg,3
0316.jpg,3
0317.jpg,3
0318.jpg,3
0319.jpg,3
0320.jpg,3
0321.jpg,3
0322.jpg,3
0323.jpg,3
0324.jpg,3
0325.jpg,3
0326.jpg,3
0327.jpg,3
0328.jpg,3
0329.jpg,3
0330.jpg,3
0331.jpg,3
0332.jpg,3
0333.jpg,3
0334.jpg,3
0335.jpg,3
0336.jpg,3
0337.jpg,3
0338.jpg,3
0339.jpg,3
0340.jpg,3
0341.jpg,3
0342.jpg,3
0343.jpg,3
0344.jpg,3
0345.jpg,3
0346.jpg,3
0347.jpg,3
0348.jpg,3
0349.jpg,3
0350.jpg,3
0351.jpg,3
0352.jpg,3
0353.jpg,3
0354.jpg,3
0355.jpg,3
0356.jpg,3
0357.jpg,3
0358.jpg,3
0359.jpg,3
0360.jpg,3
0361.jpg,3
0362.jpg,3
0363.jpg,3
0364.jpg,3
0365.jpg,3
0366.jpg,3
0367.jpg,3
0368.jpg,3
0369.jpg,3
0370.jpg,3
0371.jpg,3
0372.jpg,3
0373.jpg,3
0374.jpg,3
0375.jpg,3
0376.jpg,3
0377.jpg,3
0378.jpg,3
0379.jpg,3
0380.jpg,3
0381.jpg,3
0382.jpg,3
0383.jpg,3
0384.jpg,3
0385.jpg,3
0386.jpg,3
0387.jpg,3
0388.jpg,3
0389.jpg,3
0390.jpg,3
0391.jpg,3
0392.jpg,3
0393.jpg,3
0394.jpg,3
0395.jpg,3
0396.jpg,3
0397.jpg,4
0398.jpg,4
0399.jpg,4
0400.jpg,4
0401.jpg,4
0402.jpg,4
0403.jpg,4
0404.jpg,4
0405.jpg,4
0406.jpg,4
0407.jpg,4
0408.jpg,4
0409.jpg,4
0410.jpg,4
0411.jpg,4
0412.jpg,4
0413.jpg,4
0414.jpg,4
0415.jpg,4
0416.jpg,4
0417.jpg,4
0418.jpg,4
0419.jpg,4
0420.jpg,4
0421.jpg,4
0422.jpg,4
0423.jpg,4
0424.jpg,4
0425.jpg,4
0426.jpg,4
0427.jpg,4
0428.jpg,4
0429.jpg,4
0430.jpg,4
0431.jpg,4
0432.jpg,4
0433.jpg,4
0434.jpg,4
0435.jpg,4
0436.jpg,4
0437.jpg,4
0438.jpg,4
0439.jpg,4
0440.jpg,4
0441.jpg,4
0442.jpg,4
0443.jpg,4
0444.jpg,4
0445.jpg,4
0446.jpg,4
0447.jpg,4
0448.jpg,4
0449.jpg,4
0450.jpg,4
0451.jpg,4
0452.jpg,4
0453.jpg,4
0454.jpg,4
0455.jpg,4
0456.jpg,4
0457.jpg,4
0458.jpg,4
0459.jpg,4
0460.jpg,4
0461.jpg,4
0462.jpg,4
0463.jpg,4
0464.jpg,4
0465.jpg,4
0466.jpg,4
0467.jpg,4
0468.jpg,4
0469.jpg,4
0470.jpg,4
0471.jpg,4
0472.jpg,4
0473.jpg,4
0474.jpg,4
0475.jpg,4
0476.jpg,4
0477.jpg,4
0478.jpg,4
0479.jpg,4
0480.jpg,4
0481.jpg,4
0482.jpg,4
0483.jpg,4
0484.jpg,4
0485.jpg,4
0486.jpg,4
0487.jpg,4
0488.jpg,4
0489.jpg,4
0490.jpg,4
0491.jpg,4
0492.jpg,4
0493.jpg,4
0494.jpg,4
0495.jpg,4
